{
    "Time": [0,1,2,3,4,5,6,7,8,9,10,11,12,13,14,15,16,17,18,19,20],
    "mum": [0.02,0.6,0.02,0.6,0.01,0.9],  
    "devstm" : [0.005,0.05,0.005,0.05,0.005,0.05],
    "mud" : [0,0.003,0.001,0.006,0.004,0.008,0.007,0.01,0.008,0.014,0.009,0.018,0.012,0.020,0.015,0.023,0.017,0.025,0.018,0.028,0.020],
    "devstd" : [0.01, 0.005,0.01, 0.01, 0.01, 0.005, 0.01, 0.01, 0.01, 0.005, 0.01, 0.01, 0.005, 0.01, 0.005, 0.01, 0.01, 0.005, 0.01, 0.005,0.01],    
    "Ncm" : 200,
    "Ncd" : 200,

    "hoP" : 0.7,
    "hoC" : 0.8,
    "hoSc" : 3,
    "hSc" : 0.7,
    "hwSc" :[2.5,1],
    "hwP" :[0.7,0.7],
    "hwC" :[0.8,0.8],
    "Choose" : "Sin",

    "N3" : 6,
    "num_steps3" : 666,
    "delta3" : 0.0011,
    "x" : [0.01739949,0.60231223,0.00259897,0.6211021,0.00836138,0.91836421]

}